frame_id,timestamp_iso,latitude,longitude,altitude,image_path
0,2025-08-26T19:31:21.835Z,12.934000,77.610000,100.00,uploads/1756236681860_2181.jpg
0,2025-08-26T19:31:34.190Z,12.934000,77.610000,100.00,uploads/1756236694205_6735.jpg
1,2025-08-26T19:31:35.214Z,12.934008,77.609979,99.60,uploads/1756236695220_6845.jpg
2,2025-08-26T19:31:36.242Z,12.934032,77.609936,100.07,uploads/1756236696248_6634.jpg
3,2025-08-26T19:31:37.258Z,12.934007,77.609890,99.96,uploads/1756236697263_9731.jpg
4,2025-08-26T19:31:38.271Z,12.934041,77.609916,100.16,uploads/1756236698276_9632.jpg
5,2025-08-26T19:31:39.284Z,12.934011,77.609896,100.17,uploads/1756236699289_1513.jpg
6,2025-08-26T19:31:40.299Z,12.933971,77.609889,100.34,uploads/1756236700303_4266.jpg
7,2025-08-26T19:31:41.312Z,12.933955,77.609879,100.39,uploads/1756236701316_3624.jpg
8,2025-08-26T19:31:42.324Z,12.933912,77.609854,100.77,uploads/1756236702329_9044.jpg
9,2025-08-26T19:31:43.336Z,12.933875,77.609892,100.39,uploads/1756236703340_2398.jpg
10,2025-08-26T19:31:44.349Z,12.933898,77.609860,100.53,uploads/1756236704353_7898.jpg
11,2025-08-26T19:31:45.361Z,12.933853,77.609891,100.74,uploads/1756236705366_6675.jpg
12,2025-08-26T19:31:46.374Z,12.933836,77.609940,100.60,uploads/1756236706378_93.jpg
13,2025-08-26T19:31:47.385Z,12.933855,77.609957,100.46,uploads/1756236707389_5283.jpg
14,2025-08-26T19:31:48.397Z,12.933837,77.609962,100.66,uploads/1756236708401_3712.jpg
15,2025-08-26T19:31:49.407Z,12.933815,77.609946,100.44,uploads/1756236709411_8637.jpg
16,2025-08-26T19:31:50.418Z,12.933863,77.609990,100.06,uploads/1756236710421_8247.jpg
17,2025-08-26T19:31:51.428Z,12.933863,77.610033,100.40,uploads/1756236711433_2773.jpg
18,2025-08-26T19:31:52.440Z,12.933904,77.610019,100.12,uploads/1756236712444_8028.jpg
19,2025-08-26T19:31:53.451Z,12.933883,77.610041,100.40,uploads/1756236713454_8883.jpg
20,2025-08-26T19:31:54.461Z,12.933861,77.610034,100.70,uploads/1756236714482_20.jpg
21,2025-08-26T19:31:55.489Z,12.933828,77.610044,100.36,uploads/1756236715492_5721.jpg
22,2025-08-26T19:31:56.500Z,12.933806,77.610084,100.15,uploads/1756236716503_5547.jpg
23,2025-08-26T19:31:57.512Z,12.933774,77.610126,100.40,uploads/1756236717516_4981.jpg
24,2025-08-26T19:31:58.524Z,12.933724,77.610077,100.76,uploads/1756236718529_167.jpg
25,2025-08-26T19:31:59.536Z,12.933707,77.610096,100.58,uploads/1756236719540_2508.jpg
26,2025-08-26T19:32:00.548Z,12.933669,77.610103,100.49,uploads/1756236720552_2435.jpg
27,2025-08-26T19:32:01.560Z,12.933662,77.610129,100.74,uploads/1756236721564_3145.jpg
28,2025-08-26T19:32:02.572Z,12.933676,77.610174,100.35,uploads/1756236722595_2292.jpg
29,2025-08-26T19:32:03.603Z,12.933695,77.610166,100.21,uploads/1756236723608_5945.jpg
30,2025-08-26T19:32:04.616Z,12.933730,77.610117,100.37,uploads/1756236724620_5765.jpg
31,2025-08-26T19:32:05.627Z,12.933706,77.610107,100.86,uploads/1756236725652_7172.jpg
32,2025-08-26T19:32:06.659Z,12.933748,77.610154,100.43,uploads/1756236726662_2594.jpg
33,2025-08-26T19:32:07.669Z,12.933717,77.610144,100.43,uploads/1756236727673_6203.jpg
34,2025-08-26T19:32:08.681Z,12.933690,77.610179,100.49,uploads/1756236728698_6237.jpg
35,2025-08-26T19:32:09.706Z,12.933723,77.610213,100.78,uploads/1756236729709_5636.jpg
36,2025-08-26T19:32:10.716Z,12.933709,77.610222,101.00,uploads/1756236730737_5410.jpg
37,2025-08-26T19:32:11.745Z,12.933716,77.610229,100.86,uploads/1756236731750_5311.jpg
38,2025-08-26T19:32:12.758Z,12.933732,77.610208,101.33,uploads/1756236732763_9790.jpg
39,2025-08-26T19:32:13.770Z,12.933687,77.610175,101.57,uploads/1756236733774_5066.jpg
40,2025-08-26T19:32:14.782Z,12.933686,77.610192,101.27,uploads/1756236734785_3247.jpg
41,2025-08-26T19:32:15.791Z,12.933690,77.610225,101.19,uploads/1756236735795_7479.jpg
42,2025-08-26T19:32:16.803Z,12.933735,77.610192,101.06,uploads/1756236736806_7823.jpg
43,2025-08-26T19:32:17.824Z,12.933748,77.610231,101.27,uploads/1756236737829_5770.jpg
44,2025-08-26T19:32:18.837Z,12.933764,77.610215,101.47,uploads/1756236738841_283.jpg
45,2025-08-26T19:32:19.850Z,12.933801,77.610198,101.58,uploads/1756236739854_2210.jpg
46,2025-08-26T19:32:20.863Z,12.933759,77.610158,102.05,uploads/1756236740867_4813.jpg
47,2025-08-26T19:32:21.875Z,12.933726,77.610134,102.51,uploads/1756236741879_3846.jpg
48,2025-08-26T19:32:22.888Z,12.933677,77.610144,102.19,uploads/1756236742893_2280.jpg
49,2025-08-26T19:32:23.902Z,12.933695,77.610139,102.21,uploads/1756236743905_855.jpg
50,2025-08-26T19:32:24.915Z,12.933718,77.610115,102.40,uploads/1756236744919_6863.jpg
51,2025-08-26T19:32:25.927Z,12.933697,77.610076,102.58,uploads/1756236745931_9658.jpg
52,2025-08-26T19:32:26.938Z,12.933746,77.610086,102.79,uploads/1756236746943_5264.jpg
53,2025-08-26T19:32:27.961Z,12.933791,77.610110,102.29,uploads/1756236747965_9753.jpg
54,2025-08-26T19:32:28.971Z,12.933772,77.610124,102.20,uploads/1756236748976_2128.jpg
55,2025-08-26T19:32:29.982Z,12.933784,77.610110,101.82,uploads/1756236749987_2731.jpg
56,2025-08-26T19:32:30.993Z,12.933745,77.610098,101.86,uploads/1756236750998_5399.jpg
57,2025-08-26T19:32:32.005Z,12.933787,77.610050,101.44,uploads/1756236752009_8793.jpg
58,2025-08-26T19:32:33.017Z,12.933770,77.610016,100.95,uploads/1756236753021_5941.jpg
59,2025-08-26T19:32:34.040Z,12.933790,77.610017,101.12,uploads/1756236754044_764.jpg
60,2025-08-26T19:32:35.051Z,12.933766,77.610037,100.89,uploads/1756236755055_4770.jpg
61,2025-08-26T19:32:36.062Z,12.933765,77.610077,100.43,uploads/1756236756065_9857.jpg
62,2025-08-26T19:32:37.072Z,12.933789,77.610118,100.53,uploads/1756236757076_530.jpg
63,2025-08-26T19:32:38.083Z,12.933783,77.610162,100.79,uploads/1756236758087_3116.jpg
64,2025-08-26T19:32:39.094Z,12.933777,77.610114,101.01,uploads/1756236759100_3218.jpg
65,2025-08-26T19:32:40.107Z,12.933815,77.610083,101.11,uploads/1756236760111_8770.jpg
66,2025-08-26T19:32:41.117Z,12.933780,77.610078,101.45,uploads/1756236761121_1062.jpg
67,2025-08-26T19:32:42.128Z,12.933769,77.610042,101.75,uploads/1756236762132_7800.jpg
68,2025-08-26T19:32:43.139Z,12.933806,77.610046,101.67,uploads/1756236763144_2363.jpg
69,2025-08-26T19:32:44.151Z,12.933841,77.610053,101.20,uploads/1756236764155_6700.jpg
70,2025-08-26T19:32:45.165Z,12.933806,77.610028,101.70,uploads/1756236765170_7893.jpg
71,2025-08-26T19:32:46.179Z,12.933774,77.609991,101.56,uploads/1756236766184_3895.jpg
72,2025-08-26T19:32:47.192Z,12.933745,77.610034,101.41,uploads/1756236767197_5352.jpg
73,2025-08-26T19:32:48.204Z,12.933704,77.610072,101.73,uploads/1756236768208_3563.jpg
74,2025-08-26T19:32:49.215Z,12.933740,77.610070,101.82,uploads/1756236769220_7430.jpg
75,2025-08-26T19:32:50.237Z,12.933787,77.610097,102.05,uploads/1756236770240_6448.jpg
76,2025-08-26T19:32:51.248Z,12.933811,77.610142,101.81,uploads/1756236771252_8551.jpg
77,2025-08-26T19:32:52.260Z,12.933809,77.610118,101.41,uploads/1756236772264_4366.jpg
78,2025-08-26T19:32:53.272Z,12.933836,77.610073,101.28,uploads/1756236773301_3249.jpg
79,2025-08-26T19:32:54.318Z,12.933802,77.610058,101.57,uploads/1756236774321_768.jpg
80,2025-08-26T19:32:55.328Z,12.933813,77.610065,101.65,uploads/1756236775332_5083.jpg
81,2025-08-26T19:32:56.339Z,12.933792,77.610060,102.08,uploads/1756236776343_3854.jpg
82,2025-08-26T19:32:57.349Z,12.933840,77.610089,102.30,uploads/1756236777353_5688.jpg
83,2025-08-26T19:32:58.359Z,12.933826,77.610126,101.86,uploads/1756236778364_3948.jpg
84,2025-08-26T19:32:59.371Z,12.933784,77.610082,102.24,uploads/1756236779375_3676.jpg
85,2025-08-26T19:33:00.382Z,12.933825,77.610032,102.52,uploads/1756236780386_2159.jpg
86,2025-08-26T19:33:01.393Z,12.933845,77.610080,102.64,uploads/1756236781397_7906.jpg
87,2025-08-26T19:33:02.404Z,12.933853,77.610084,102.77,uploads/1756236782407_777.jpg
88,2025-08-26T19:33:03.414Z,12.933845,77.610088,102.87,uploads/1756236783417_564.jpg
89,2025-08-26T19:33:04.424Z,12.933796,77.610101,102.55,uploads/1756236784429_9257.jpg
90,2025-08-26T19:33:05.437Z,12.933767,77.610082,102.33,uploads/1756236785440_8381.jpg
91,2025-08-26T19:33:06.448Z,12.933726,77.610114,102.07,uploads/1756236786452_4896.jpg
92,2025-08-26T19:33:07.460Z,12.933709,77.610070,102.38,uploads/1756236787464_1708.jpg
93,2025-08-26T19:33:08.471Z,12.933708,77.610052,102.45,uploads/1756236788475_8710.jpg
94,2025-08-26T19:33:09.484Z,12.933665,77.610095,102.82,uploads/1756236789490_2713.jpg
95,2025-08-26T19:33:10.504Z,12.933659,77.610132,103.04,uploads/1756236790508_764.jpg
96,2025-08-26T19:33:11.516Z,12.933625,77.610086,102.64,uploads/1756236791521_2685.jpg
97,2025-08-26T19:33:12.531Z,12.933609,77.610114,102.62,uploads/1756236792535_3973.jpg
98,2025-08-26T19:33:13.541Z,12.933613,77.610096,102.20,uploads/1756236793545_5275.jpg
99,2025-08-26T19:33:14.552Z,12.933638,77.610066,102.38,uploads/1756236794556_239.jpg
100,2025-08-26T19:33:15.574Z,12.933608,77.610102,101.95,uploads/1756236795579_9193.jpg
101,2025-08-26T19:33:16.586Z,12.933599,77.610136,101.89,uploads/1756236796590_6589.jpg
102,2025-08-26T19:33:17.597Z,12.933608,77.610146,101.77,uploads/1756236797602_394.jpg
103,2025-08-26T19:33:18.610Z,12.933600,77.610103,101.63,uploads/1756236798615_5626.jpg
104,2025-08-26T19:33:19.624Z,12.933602,77.610067,101.49,uploads/1756236799629_5111.jpg
105,2025-08-26T19:33:20.650Z,12.933613,77.610018,101.10,uploads/1756236800654_6005.jpg
106,2025-08-26T19:33:21.661Z,12.933594,77.610013,101.19,uploads/1756236801666_1658.jpg
107,2025-08-26T19:33:22.674Z,12.933593,77.609971,100.74,uploads/1756236802677_6976.jpg
108,2025-08-26T19:33:23.685Z,12.933567,77.609928,100.68,uploads/1756236803688_1714.jpg
109,2025-08-26T19:33:24.696Z,12.933608,77.609923,100.59,uploads/1756236804699_3435.jpg
110,2025-08-26T19:33:25.717Z,12.933623,77.609922,100.40,uploads/1756236805720_4606.jpg
111,2025-08-26T19:33:26.728Z,12.933661,77.609889,100.10,uploads/1756236806733_4925.jpg
112,2025-08-26T19:33:27.741Z,12.933708,77.609927,99.76,uploads/1756236807746_5591.jpg
113,2025-08-26T19:33:28.755Z,12.933695,77.609904,99.55,uploads/1756236808759_7099.jpg
114,2025-08-26T19:33:29.765Z,12.933658,77.609881,99.69,uploads/1756236809769_8009.jpg
115,2025-08-26T19:33:30.777Z,12.933699,77.609843,99.52,uploads/1756236810780_2027.jpg
116,2025-08-26T19:33:31.788Z,12.933686,77.609794,99.69,uploads/1756236811793_6325.jpg
117,2025-08-26T19:33:32.801Z,12.933648,77.609844,99.95,uploads/1756236812805_2355.jpg
118,2025-08-26T19:33:33.814Z,12.933630,77.609836,99.58,uploads/1756236813818_1486.jpg
119,2025-08-26T19:33:34.828Z,12.933644,77.609791,99.60,uploads/1756236814831_5971.jpg
120,2025-08-26T19:33:35.840Z,12.933606,77.609744,99.26,uploads/1756236815844_5049.jpg
121,2025-08-26T19:33:36.853Z,12.933583,77.609741,99.41,uploads/1756236816857_6568.jpg
122,2025-08-26T19:33:37.865Z,12.933601,77.609721,99.21,uploads/1756236817869_7688.jpg
123,2025-08-26T19:33:38.878Z,12.933603,77.609695,98.87,uploads/1756236818881_6673.jpg
124,2025-08-26T19:33:39.890Z,12.933567,77.609662,99.27,uploads/1756236819894_829.jpg
125,2025-08-26T19:33:40.903Z,12.933538,77.609648,99.38,uploads/1756236820906_3166.jpg
126,2025-08-26T19:33:41.916Z,12.933495,77.609648,99.15,uploads/1756236821920_5491.jpg
127,2025-08-26T19:33:42.929Z,12.933511,77.609690,98.78,uploads/1756236822935_6552.jpg
128,2025-08-26T19:33:43.947Z,12.933474,77.609648,98.44,uploads/1756236823950_5030.jpg
129,2025-08-26T19:33:44.962Z,12.933514,77.609664,98.15,uploads/1756236824965_482.jpg
130,2025-08-26T19:33:45.973Z,12.933532,77.609622,97.69,uploads/1756236825977_7708.jpg
131,2025-08-26T19:33:46.986Z,12.933531,77.609634,97.93,uploads/1756236826990_5059.jpg
132,2025-08-26T19:33:47.998Z,12.933572,77.609606,98.12,uploads/1756236828002_3053.jpg
133,2025-08-26T19:33:49.011Z,12.933599,77.609642,98.42,uploads/1756236829015_740.jpg
134,2025-08-26T19:33:50.023Z,12.933563,77.609612,98.64,uploads/1756236830027_5950.jpg
135,2025-08-26T19:33:51.034Z,12.933581,77.609646,98.30,uploads/1756236831038_3977.jpg
136,2025-08-26T19:33:52.045Z,12.933568,77.609696,97.86,uploads/1756236832049_3845.jpg
137,2025-08-26T19:33:53.057Z,12.933528,77.609651,97.88,uploads/1756236833062_8397.jpg
138,2025-08-26T19:33:54.070Z,12.933544,77.609633,98.19,uploads/1756236834076_385.jpg
139,2025-08-26T19:33:55.098Z,12.933516,77.609595,98.00,uploads/1756236835101_8635.jpg
140,2025-08-26T19:33:56.110Z,12.933542,77.609625,98.24,uploads/1756236836114_3045.jpg
141,2025-08-26T19:33:57.122Z,12.933496,77.609614,98.26,uploads/1756236837141_4579.jpg
142,2025-08-26T19:33:58.148Z,12.933515,77.609654,97.99,uploads/1756236838151_6797.jpg
143,2025-08-26T19:33:59.158Z,12.933536,77.609675,97.69,uploads/1756236839161_6902.jpg
144,2025-08-26T19:34:00.171Z,12.933514,77.609647,97.19,uploads/1756236840174_7161.jpg
145,2025-08-26T19:34:01.182Z,12.933554,77.609631,97.34,uploads/1756236841186_1538.jpg
146,2025-08-26T19:34:02.195Z,12.933558,77.609649,97.19,uploads/1756236842199_3334.jpg
147,2025-08-26T19:34:03.206Z,12.933536,77.609620,97.49,uploads/1756236843210_8012.jpg
148,2025-08-26T19:34:04.217Z,12.933560,77.609656,97.39,uploads/1756236844221_1154.jpg
149,2025-08-26T19:34:05.229Z,12.933532,77.609652,97.45,uploads/1756236845232_6257.jpg
150,2025-08-26T19:34:06.240Z,12.933493,77.609642,97.70,uploads/1756236846245_4380.jpg
151,2025-08-26T19:34:07.253Z,12.933464,77.609632,98.10,uploads/1756236847257_7004.jpg
152,2025-08-26T19:34:08.266Z,12.933455,77.609586,98.06,uploads/1756236848269_9587.jpg
153,2025-08-26T19:34:09.276Z,12.933459,77.609596,98.13,uploads/1756236849280_1111.jpg
154,2025-08-26T19:34:10.290Z,12.933439,77.609564,97.71,uploads/1756236850293_3402.jpg
155,2025-08-26T19:34:11.313Z,12.933412,77.609527,98.16,uploads/1756236851316_1787.jpg
156,2025-08-26T19:34:12.323Z,12.933377,77.609538,97.74,uploads/1756236852327_5493.jpg
157,2025-08-26T19:34:13.337Z,12.933415,77.609511,97.70,uploads/1756236853340_7544.jpg
158,2025-08-26T19:34:14.347Z,12.933400,77.609561,97.90,uploads/1756236854350_7659.jpg
159,2025-08-26T19:34:15.358Z,12.933423,77.609518,98.11,uploads/1756236855362_6025.jpg
160,2025-08-26T19:34:16.372Z,12.933422,77.609544,98.05,uploads/1756236856375_8028.jpg
161,2025-08-26T19:34:17.383Z,12.933460,77.609591,98.47,uploads/1756236857387_9142.jpg
162,2025-08-26T19:34:18.398Z,12.933417,77.609585,98.03,uploads/1756236858401_4212.jpg
163,2025-08-26T19:34:19.409Z,12.933432,77.609588,97.98,uploads/1756236859412_3607.jpg
164,2025-08-26T19:34:20.421Z,12.933459,77.609575,97.53,uploads/1756236860425_153.jpg
165,2025-08-26T19:34:21.434Z,12.933410,77.609567,97.87,uploads/1756236861438_8843.jpg
166,2025-08-26T19:34:22.446Z,12.933439,77.609538,97.69,uploads/1756236862451_4624.jpg
167,2025-08-26T19:34:23.461Z,12.933404,77.609508,98.09,uploads/1756236863464_2413.jpg
168,2025-08-26T19:34:24.473Z,12.933429,77.609498,98.24,uploads/1756236864477_7636.jpg
169,2025-08-26T19:34:25.484Z,12.933456,77.609459,98.05,uploads/1756236865487_1684.jpg
170,2025-08-26T19:34:26.495Z,12.933473,77.609463,98.44,uploads/1756236866500_1756.jpg
171,2025-08-26T19:34:27.514Z,12.933448,77.609464,98.86,uploads/1756236867518_1953.jpg
172,2025-08-26T19:34:28.526Z,12.933473,77.609439,98.83,uploads/1756236868529_5241.jpg
173,2025-08-26T19:34:29.538Z,12.933445,77.609465,98.96,uploads/1756236869541_980.jpg
174,2025-08-26T19:34:30.550Z,12.933487,77.609431,99.04,uploads/1756236870554_4255.jpg
175,2025-08-26T19:34:31.562Z,12.933492,77.609409,99.45,uploads/1756236871566_3933.jpg
176,2025-08-26T19:34:32.575Z,12.933477,77.609428,99.39,uploads/1756236872580_6761.jpg
177,2025-08-26T19:34:33.589Z,12.933444,77.609391,99.68,uploads/1756236873593_5691.jpg
178,2025-08-26T19:34:34.601Z,12.933421,77.609424,99.78,uploads/1756236874604_2665.jpg
179,2025-08-26T19:34:35.613Z,12.933413,77.609394,99.77,uploads/1756236875617_2914.jpg
180,2025-08-26T19:34:36.626Z,12.933423,77.609414,99.44,uploads/1756236876629_9481.jpg
181,2025-08-26T19:34:37.637Z,12.933408,77.609426,99.82,uploads/1756236877640_8445.jpg
182,2025-08-26T19:34:38.648Z,12.933450,77.609460,99.63,uploads/1756236878651_6197.jpg
183,2025-08-26T19:34:39.660Z,12.933436,77.609453,99.95,uploads/1756236879663_7639.jpg
184,2025-08-26T19:34:40.672Z,12.933438,77.609480,100.26,uploads/1756236880675_1075.jpg
185,2025-08-26T19:34:41.685Z,12.933404,77.609488,99.99,uploads/1756236881689_3613.jpg
186,2025-08-26T19:34:42.698Z,12.933363,77.609454,99.76,uploads/1756236882702_9490.jpg
187,2025-08-26T19:34:43.710Z,12.933411,77.609488,99.79,uploads/1756236883713_196.jpg
188,2025-08-26T19:34:44.721Z,12.933383,77.609529,99.43,uploads/1756236884724_7183.jpg
189,2025-08-26T19:34:45.732Z,12.933430,77.609531,99.74,uploads/1756236885736_816.jpg
190,2025-08-26T19:34:46.743Z,12.933476,77.609507,99.57,uploads/1756236886748_6784.jpg
191,2025-08-26T19:34:47.756Z,12.933434,77.609514,99.65,uploads/1756236887759_8168.jpg
192,2025-08-26T19:34:48.769Z,12.933430,77.609471,100.10,uploads/1756236888772_5156.jpg
193,2025-08-26T19:34:49.782Z,12.933450,77.609488,99.96,uploads/1756236889785_4077.jpg
194,2025-08-26T19:34:50.793Z,12.933480,77.609527,99.69,uploads/1756236890796_5826.jpg
195,2025-08-26T19:34:51.805Z,12.933517,77.609488,99.99,uploads/1756236891809_7093.jpg
196,2025-08-26T19:34:52.818Z,12.933523,77.609529,99.86,uploads/1756236892821_5309.jpg
197,2025-08-26T19:34:53.830Z,12.933532,77.609510,100.22,uploads/1756236893834_2236.jpg
198,2025-08-26T19:34:54.842Z,12.933547,77.609517,99.98,uploads/1756236894845_1621.jpg
199,2025-08-26T19:34:55.852Z,12.933586,77.609477,99.77,uploads/1756236895855_1511.jpg
200,2025-08-26T19:34:56.865Z,12.933574,77.609521,99.42,uploads/1756236896868_8391.jpg
201,2025-08-26T19:34:57.877Z,12.933525,77.609567,98.95,uploads/1756236897880_4748.jpg
202,2025-08-26T19:34:58.888Z,12.933554,77.609567,98.91,uploads/1756236898892_6081.jpg
203,2025-08-26T19:34:59.900Z,12.933570,77.609519,98.72,uploads/1756236899903_596.jpg
204,2025-08-26T19:35:00.911Z,12.933543,77.609489,98.48,uploads/1756236900914_2493.jpg
0,1756237595977,12.934000,77.610000,100.00,uploads/1756237596001_2153.jpg
1,1756237597022,12.933972,77.610025,99.77,uploads/1756237597029_7197.jpg
2,1756237598038,12.933987,77.610028,100.07,uploads/1756237598043_4532.jpg
3,1756237599053,12.933946,77.610024,100.42,uploads/1756237599057_5292.jpg
4,1756237600066,12.933905,77.610011,100.67,uploads/1756237600071_8768.jpg
5,1756237601080,12.933940,77.609973,100.82,uploads/1756237601084_8713.jpg
6,1756237602092,12.933941,77.609992,100.65,uploads/1756237602096_5200.jpg
7,1756237603104,12.933990,77.609990,100.39,uploads/1756237603109_1576.jpg
8,1756237604117,12.934038,77.609955,100.82,uploads/1756237604121_4671.jpg
9,1756237605132,12.934060,77.609947,100.46,uploads/1756237605136_1786.jpg
10,1756237606147,12.934086,77.609985,100.96,uploads/1756237606153_6368.jpg
11,1756237607165,12.934067,77.609973,100.54,uploads/1756237607168_7946.jpg
12,1756237608177,12.934074,77.609962,100.35,uploads/1756237608180_4050.jpg
13,1756237609189,12.934120,77.609915,100.64,uploads/1756237609192_1837.jpg
14,1756237610200,12.934144,77.609912,100.76,uploads/1756237610203_2143.jpg
15,1756237611213,12.934158,77.609945,100.75,uploads/1756237611216_2967.jpg
16,1756237612226,12.934163,77.609915,100.92,uploads/1756237612230_2536.jpg
17,1756237613244,12.934164,77.609901,100.80,uploads/1756237613247_9890.jpg
18,1756237614256,12.934167,77.609875,101.16,uploads/1756237614260_6445.jpg
19,1756237615268,12.934184,77.609846,100.74,uploads/1756237615271_6101.jpg
20,1756237616281,12.934199,77.609871,101.04,uploads/1756237616285_7127.jpg
21,1756237617295,12.934189,77.609854,101.09,uploads/1756237617299_2197.jpg
22,1756237618309,12.934218,77.609813,100.63,uploads/1756237618314_151.jpg
23,1756237619323,12.934172,77.609776,100.74,uploads/1756237619327_4360.jpg
24,1756237620335,12.934201,77.609810,100.84,uploads/1756237620338_8659.jpg
25,1756237621346,12.934152,77.609827,100.64,uploads/1756237621350_8975.jpg
26,1756237622358,12.934153,77.609806,100.80,uploads/1756237622360_9309.jpg
27,1756237623368,12.934176,77.609825,101.11,uploads/1756237623371_5125.jpg
28,1756237624380,12.934219,77.609871,101.51,uploads/1756237624383_9075.jpg
29,1756237625391,12.934175,77.609896,101.73,uploads/1756237625394_613.jpg
30,1756237626412,12.934213,77.609889,101.31,uploads/1756237626416_7374.jpg
31,1756237627423,12.934186,77.609876,101.52,uploads/1756237627426_190.jpg
32,1756237628434,12.934168,77.609904,101.92,uploads/1756237628437_6754.jpg
33,1756237629444,12.934173,77.609874,101.58,uploads/1756237629447_9381.jpg
34,1756237630454,12.934170,77.609866,101.67,uploads/1756237630457_3110.jpg
35,1756237631465,12.934165,77.609872,101.17,uploads/1756237631468_5559.jpg
36,1756237632474,12.934139,77.609829,100.90,uploads/1756237632479_7148.jpg
37,1756237633486,12.934117,77.609867,101.36,uploads/1756237633489_5619.jpg
38,1756237634495,12.934084,77.609889,101.47,uploads/1756237634499_6765.jpg
39,1756237635506,12.934063,77.609917,101.75,uploads/1756237635510_2894.jpg
40,1756237636517,12.934087,77.609952,102.16,uploads/1756237636521_1933.jpg
41,1756237637529,12.934054,77.609952,101.85,uploads/1756237637534_9708.jpg
42,1756237638542,12.934092,77.609913,101.73,uploads/1756237638545_6955.jpg
43,1756237639553,12.934073,77.609945,102.11,uploads/1756237639556_2201.jpg
44,1756237640564,12.934102,77.609925,102.30,uploads/1756237640568_2630.jpg
45,1756237641576,12.934065,77.609896,102.03,uploads/1756237641580_3413.jpg
46,1756237642589,12.934035,77.609907,102.42,uploads/1756237642592_2179.jpg
47,1756237643601,12.934074,77.609886,102.07,uploads/1756237643605_7951.jpg
48,1756237644613,12.934065,77.609858,102.22,uploads/1756237644617_4918.jpg
49,1756237645625,12.934026,77.609856,102.47,uploads/1756237645638_5973.jpg
50,1756237646646,12.934065,77.609840,102.32,uploads/1756237646651_8505.jpg
51,1756237647659,12.934044,77.609807,102.14,uploads/1756237647663_8223.jpg
52,1756237648671,12.934027,77.609784,102.50,uploads/1756237648676_7334.jpg
53,1756237649683,12.933987,77.609782,102.64,uploads/1756237649687_2810.jpg
54,1756237650694,12.933953,77.609823,102.71,uploads/1756237650699_9799.jpg
55,1756237651708,12.933961,77.609872,102.89,uploads/1756237651711_2640.jpg
56,1756237652720,12.933927,77.609907,102.80,uploads/1756237652724_66.jpg
57,1756237653733,12.933923,77.609920,102.90,uploads/1756237653737_7084.jpg
58,1756237654745,12.933905,77.609965,103.10,uploads/1756237654748_9030.jpg
59,1756237655755,12.933902,77.609941,103.37,uploads/1756237655758_2871.jpg
60,1756237656767,12.933873,77.609957,103.14,uploads/1756237656771_5382.jpg
61,1756237657779,12.933839,77.610006,103.54,uploads/1756237657783_4097.jpg
62,1756237658789,12.933795,77.610004,103.49,uploads/1756237658793_7132.jpg
63,1756237659824,12.933812,77.609973,103.60,uploads/1756237659828_7661.jpg
64,1756237660835,12.933809,77.609982,103.77,uploads/1756237660838_3703.jpg
65,1756237661845,12.933848,77.609942,103.79,uploads/1756237661849_1201.jpg
66,1756237662857,12.933860,77.609930,104.26,uploads/1756237662859_9639.jpg
67,1756237663868,12.933886,77.609934,103.85,uploads/1756237663872_9338.jpg
68,1756237664889,12.933930,77.609975,104.34,uploads/1756237664893_4627.jpg
69,1756237665900,12.933937,77.610023,104.47,uploads/1756237665904_8415.jpg
70,1756237666912,12.933984,77.610046,104.21,uploads/1756237666917_4610.jpg
71,1756237667925,12.934015,77.610024,104.15,uploads/1756237667927_5818.jpg
72,1756237668937,12.934016,77.610024,103.75,uploads/1756237668954_4250.jpg
73,1756237669961,12.934027,77.609978,103.85,uploads/1756237669984_4754.jpg
74,1756237670991,12.934000,77.609984,104.02,uploads/1756237670994_231.jpg
75,1756237672001,12.934006,77.609950,104.46,uploads/1756237672004_2530.jpg
76,1756237673012,12.933989,77.609907,104.54,uploads/1756237673022_1082.jpg
77,1756237674032,12.934018,77.609893,104.50,uploads/1756237674036_8772.jpg
78,1756237675043,12.934041,77.609934,104.07,uploads/1756237675047_5672.jpg
79,1756237676055,12.933999,77.609981,104.13,uploads/1756237676059_6470.jpg
80,1756237677067,12.933961,77.610019,104.41,uploads/1756237677070_5232.jpg
81,1756237678078,12.933918,77.610026,104.36,uploads/1756237678082_8859.jpg
82,1756237679090,12.933960,77.610058,104.82,uploads/1756237679095_266.jpg
0,1756237722235,12.934000,77.610000,100.00,uploads/1756237722263_2734.jpg
1,1756237723287,12.933965,77.610030,100.27,uploads/1756237723293_8679.jpg
2,1756237724304,12.933924,77.610040,99.82,uploads/1756237724308_1469.jpg
3,1756237725317,12.933901,77.609992,100.26,uploads/1756237725321_1493.jpg
4,1756237726331,12.933867,77.609961,100.52,uploads/1756237726336_4687.jpg
5,1756237727368,12.933829,77.609919,100.48,uploads/1756237727371_7805.jpg
6,1756237728379,12.933820,77.609968,100.16,uploads/1756237728382_3108.jpg
7,1756237729390,12.933775,77.609921,99.84,uploads/1756237729393_5177.jpg
8,1756237730400,12.933741,77.609904,99.57,uploads/1756237730404_4579.jpg
9,1756237731414,12.933708,77.609912,99.81,uploads/1756237731418_8613.jpg
10,1756237732426,12.933690,77.609911,99.43,uploads/1756237732430_6618.jpg
11,1756237733438,12.933687,77.609901,99.28,uploads/1756237733442_7911.jpg
12,1756237734450,12.933667,77.609919,99.59,uploads/1756237734453_2328.jpg
13,1756237735460,12.933686,77.609897,99.67,uploads/1756237735463_8493.jpg
14,1756237736471,12.933729,77.609913,100.16,uploads/1756237736474_7300.jpg
15,1756237737481,12.933694,77.609917,100.32,uploads/1756237737483_74.jpg
16,1756237738491,12.933662,77.609958,100.42,uploads/1756237738495_4307.jpg
17,1756237739503,12.933647,77.609970,99.95,uploads/1756237739507_5727.jpg
18,1756237740514,12.933658,77.609991,100.40,uploads/1756237740518_1007.jpg
19,1756237741527,12.933677,77.610018,100.22,uploads/1756237741531_5006.jpg
20,1756237742539,12.933709,77.610062,100.45,uploads/1756237742542_2549.jpg
21,1756237743550,12.933703,77.610091,100.01,uploads/1756237743553_3256.jpg
22,1756237744562,12.933684,77.610065,100.11,uploads/1756237744566_5114.jpg
23,1756237745573,12.933635,77.610112,99.93,uploads/1756237745577_1862.jpg
24,1756237746585,12.933677,77.610144,100.04,uploads/1756237746588_7894.jpg
25,1756237747597,12.933707,77.610156,100.39,uploads/1756237747600_6397.jpg
26,1756237748609,12.933706,77.610139,100.41,uploads/1756237748614_9596.jpg
27,1756237749633,12.933748,77.610175,100.48,uploads/1756237749636_6728.jpg
28,1756237750644,12.933702,77.610172,100.84,uploads/1756237750649_2390.jpg
29,1756237751657,12.933749,77.610190,101.26,uploads/1756237751661_3930.jpg
30,1756237752669,12.933754,77.610208,101.76,uploads/1756237752673_5565.jpg
31,1756237753680,12.933742,77.610240,101.70,uploads/1756237753685_5000.jpg
32,1756237754694,12.933722,77.610256,101.54,uploads/1756237754697_1364.jpg
33,1756237755706,12.933706,77.610252,101.96,uploads/1756237755710_1876.jpg
34,1756237756718,12.933659,77.610225,102.10,uploads/1756237756722_2819.jpg
35,1756237757730,12.933692,77.610266,102.00,uploads/1756237757735_9085.jpg
36,1756237758743,12.933659,77.610315,101.71,uploads/1756237758747_9260.jpg
37,1756237759756,12.933663,77.610317,101.46,uploads/1756237759759_7191.jpg
38,1756237760768,12.933617,77.610268,101.14,uploads/1756237760771_3742.jpg
39,1756237761780,12.933590,77.610300,101.05,uploads/1756237761787_9853.jpg
40,1756237762796,12.933547,77.610337,100.77,uploads/1756237762800_3232.jpg
41,1756237763809,12.933587,77.610351,100.88,uploads/1756237763813_6614.jpg
42,1756237764821,12.933557,77.610310,100.79,uploads/1756237764825_446.jpg
43,1756237765832,12.933574,77.610274,100.78,uploads/1756237765836_9208.jpg
44,1756237766844,12.933601,77.610260,100.69,uploads/1756237766848_8052.jpg
45,1756237767855,12.933586,77.610304,101.02,uploads/1756237767859_1777.jpg
46,1756237768866,12.933622,77.610318,100.92,uploads/1756237768870_1616.jpg
47,1756237769878,12.933577,77.610319,100.57,uploads/1756237769882_3.jpg
48,1756237770890,12.933579,77.610331,101.02,uploads/1756237770894_6785.jpg
49,1756237771904,12.933569,77.610352,101.43,uploads/1756237771907_9006.jpg
50,1756237772915,12.933529,77.610319,101.91,uploads/1756237772919_7233.jpg
51,1756237773926,12.933556,77.610303,102.33,uploads/1756237773931_5255.jpg
52,1756237774940,12.933591,77.610311,102.05,uploads/1756237774944_6607.jpg
53,1756237775952,12.933638,77.610326,102.34,uploads/1756237775956_2696.jpg
54,1756237776964,12.933680,77.610327,102.58,uploads/1756237776968_7594.jpg
55,1756237777976,12.933689,77.610295,102.74,uploads/1756237777980_2553.jpg
56,1756237778988,12.933640,77.610326,102.57,uploads/1756237778993_4035.jpg
57,1756237780002,12.933687,77.610374,102.30,uploads/1756237780029_7562.jpg
58,1756237781038,12.933684,77.610373,102.39,uploads/1756237781041_5732.jpg
59,1756237782051,12.933653,77.610366,102.65,uploads/1756237782055_6376.jpg
60,1756237783063,12.933625,77.610382,102.73,uploads/1756237783067_7328.jpg
61,1756237784075,12.933611,77.610422,102.29,uploads/1756237784079_2166.jpg
62,1756237785086,12.933632,77.610449,102.11,uploads/1756237785090_5418.jpg
63,1756237786098,12.933642,77.610475,102.06,uploads/1756237786102_6085.jpg
64,1756237787110,12.933605,77.610445,102.27,uploads/1756237787114_9592.jpg
65,1756237788121,12.933629,77.610454,102.35,uploads/1756237788125_2619.jpg
66,1756237789133,12.933601,77.610444,101.86,uploads/1756237789137_9149.jpg
67,1756237790145,12.933607,77.610418,102.34,uploads/1756237790150_3.jpg
68,1756237791157,12.933636,77.610408,102.13,uploads/1756237791160_9829.jpg
69,1756237792168,12.933656,77.610364,102.08,uploads/1756237792172_7188.jpg
70,1756237793180,12.933664,77.610348,102.57,uploads/1756237793184_7167.jpg
71,1756237794193,12.933680,77.610313,102.68,uploads/1756237794197_267.jpg
72,1756237795207,12.933666,77.610360,102.56,uploads/1756237795211_494.jpg
73,1756237796219,12.933700,77.610382,102.22,uploads/1756237796222_1550.jpg
74,1756237797231,12.933701,77.610334,101.89,uploads/1756237797235_6612.jpg
75,1756237798244,12.933734,77.610309,101.55,uploads/1756237798248_8379.jpg
76,1756237799256,12.933703,77.610290,101.64,uploads/1756237799260_5867.jpg
77,1756237800269,12.933714,77.610276,101.83,uploads/1756237800275_5159.jpg
78,1756237801284,12.933754,77.610287,101.54,uploads/1756237801288_9428.jpg
79,1756237802297,12.933764,77.610324,101.98,uploads/1756237802301_7985.jpg
80,1756237803310,12.933807,77.610308,102.34,uploads/1756237803314_8111.jpg
81,1756237804323,12.933824,77.610320,102.75,uploads/1756237804328_5426.jpg
82,1756237805337,12.933778,77.610347,102.44,uploads/1756237805342_1693.jpg
83,1756237806351,12.933768,77.610381,102.41,uploads/1756237806355_4980.jpg
84,1756237807363,12.933763,77.610335,102.83,uploads/1756237807367_7760.jpg
85,1756237808374,12.933786,77.610333,102.71,uploads/1756237808379_768.jpg
86,1756237809386,12.933773,77.610304,103.00,uploads/1756237809390_2548.jpg
87,1756237810398,12.933774,77.610301,102.62,uploads/1756237810402_1006.jpg
88,1756237811409,12.933741,77.610283,102.75,uploads/1756237811414_3112.jpg
89,1756237812421,12.933712,77.610245,103.14,uploads/1756237812425_979.jpg
90,1756237813432,12.933692,77.610218,102.69,uploads/1756237813437_3684.jpg
91,1756237814445,12.933705,77.610210,102.59,uploads/1756237814449_4076.jpg
92,1756237815456,12.933674,77.610211,103.06,uploads/1756237815460_1365.jpg
93,1756237816470,12.933704,77.610196,103.25,uploads/1756237816474_2122.jpg
94,1756237817482,12.933743,77.610181,103.18,uploads/1756237817486_9349.jpg
95,1756237818493,12.933714,77.610203,103.29,uploads/1756237818501_6821.jpg
96,1756237819508,12.933716,77.610200,103.57,uploads/1756237819512_826.jpg
97,1756237820520,12.933667,77.610195,103.11,uploads/1756237820524_363.jpg
98,1756237821532,12.933663,77.610180,102.86,uploads/1756237821535_7808.jpg
99,1756237822543,12.933670,77.610225,103.10,uploads/1756237822547_5309.jpg
100,1756237823555,12.933651,77.610196,102.70,uploads/1756237823559_7459.jpg
101,1756237824567,12.933626,77.610148,102.61,uploads/1756237824572_7194.jpg
102,1756237825579,12.933615,77.610156,102.29,uploads/1756237825593_1076.jpg
103,1756237826601,12.933573,77.610120,101.80,uploads/1756237826605_447.jpg
104,1756237827612,12.933616,77.610078,101.38,uploads/1756237827617_2837.jpg
105,1756237828624,12.933663,77.610058,101.61,uploads/1756237828629_5873.jpg
106,1756237829637,12.933615,77.610097,101.25,uploads/1756237829641_9650.jpg
107,1756237830649,12.933613,77.610138,101.20,uploads/1756237830656_2995.jpg
108,1756237831665,12.933631,77.610131,101.55,uploads/1756237831670_2063.jpg
109,1756237832678,12.933623,77.610125,101.25,uploads/1756237832683_1223.jpg
110,1756237833691,12.933642,77.610089,101.58,uploads/1756237833695_5810.jpg
111,1756237834703,12.933656,77.610084,101.34,uploads/1756237834707_6619.jpg
112,1756237835714,12.933675,77.610113,101.11,uploads/1756237835718_2280.jpg
113,1756237836725,12.933683,77.610117,100.99,uploads/1756237836729_7458.jpg
114,1756237837736,12.933643,77.610099,101.46,uploads/1756237837740_9926.jpg
115,1756237838747,12.933662,77.610089,101.64,uploads/1756237838751_4426.jpg
116,1756237839759,12.933703,77.610114,101.95,uploads/1756237839764_7421.jpg
117,1756237840771,12.933702,77.610089,101.59,uploads/1756237840776_8800.jpg
118,1756237841784,12.933734,77.610104,101.10,uploads/1756237841788_8615.jpg
119,1756237842796,12.933726,77.610087,100.65,uploads/1756237842800_8006.jpg
120,1756237843807,12.933772,77.610074,100.67,uploads/1756237843812_7031.jpg
121,1756237844819,12.933730,77.610051,101.14,uploads/1756237844824_1651.jpg
122,1756237845831,12.933686,77.610001,101.60,uploads/1756237845835_876.jpg
123,1756237846843,12.933680,77.610047,101.29,uploads/1756237846848_9448.jpg
124,1756237847857,12.933631,77.610023,101.13,uploads/1756237847873_9344.jpg
125,1756237848880,12.933609,77.610006,101.06,uploads/1756237848885_6090.jpg
126,1756237849892,12.933597,77.610001,101.14,uploads/1756237849897_6539.jpg
127,1756237850905,12.933596,77.610010,101.18,uploads/1756237850910_8454.jpg
128,1756237851917,12.933558,77.609967,101.17,uploads/1756237851937_5019.jpg
129,1756237852944,12.933582,77.610003,101.16,uploads/1756237852949_4578.jpg
130,1756237853956,12.933549,77.610042,101.66,uploads/1756237853977_738.jpg
131,1756237854986,12.933525,77.609998,102.04,uploads/1756237855012_1422.jpg
132,1756237856020,12.933512,77.609950,102.51,uploads/1756237856024_7159.jpg
133,1756237857033,12.933499,77.609999,102.02,uploads/1756237857037_5078.jpg
134,1756237858045,12.933458,77.609966,102.30,uploads/1756237858050_5527.jpg
135,1756237859058,12.933494,77.610005,101.95,uploads/1756237859062_2716.jpg
136,1756237860071,12.933497,77.609985,102.29,uploads/1756237860076_5411.jpg
137,1756237861084,12.933539,77.609949,102.57,uploads/1756237861089_3529.jpg
138,1756237862097,12.933561,77.609984,103.02,uploads/1756237862101_4084.jpg
139,1756237863109,12.933602,77.609995,102.79,uploads/1756237863113_1601.jpg
140,1756237864121,12.933643,77.609952,103.26,uploads/1756237864125_8056.jpg
141,1756237865132,12.933639,77.609977,103.57,uploads/1756237865153_617.jpg
142,1756237866161,12.933593,77.610025,103.85,uploads/1756237866165_4821.jpg
143,1756237867173,12.933636,77.610022,103.86,uploads/1756237867178_2864.jpg
144,1756237868185,12.933649,77.609998,103.55,uploads/1756237868189_7583.jpg
145,1756237869197,12.933650,77.610004,103.19,uploads/1756237869201_9801.jpg
146,1756237870208,12.933655,77.610046,103.29,uploads/1756237870213_6548.jpg
147,1756237871220,12.933660,77.610053,102.83,uploads/1756237871224_8362.jpg
148,1756237872239,12.933674,77.610009,103.01,uploads/1756237872243_8776.jpg
149,1756237873252,12.933696,77.609997,102.74,uploads/1756237873278_1169.jpg
150,1756237874286,12.933681,77.609953,103.12,uploads/1756237874290_9898.jpg
151,1756237875298,12.933720,77.609908,103.33,uploads/1756237875302_7143.jpg
152,1756237876322,12.933697,77.609936,103.80,uploads/1756237876350_484.jpg
153,1756237877358,12.933657,77.609967,103.41,uploads/1756237877363_2031.jpg
154,1756237878371,12.933703,77.609933,103.07,uploads/1756237878388_1372.jpg
155,1756237879396,12.933737,77.609968,102.86,uploads/1756237879401_7471.jpg
156,1756237880411,12.933692,77.609949,103.25,uploads/1756237880416_2162.jpg
157,1756237881423,12.933647,77.609934,103.02,uploads/1756237881437_8104.jpg
158,1756237882443,12.933613,77.609935,102.71,uploads/1756237882448_1232.jpg
159,1756237883455,12.933658,77.609915,103.20,uploads/1756237883460_2922.jpg
160,1756237884468,12.933632,77.609909,103.15,uploads/1756237884472_127.jpg
161,1756237885480,12.933644,77.609900,102.91,uploads/1756237885485_3856.jpg
162,1756237886493,12.933680,77.609911,102.59,uploads/1756237886498_6853.jpg
163,1756237887506,12.933665,77.609873,102.39,uploads/1756237887510_2868.jpg
164,1756237888519,12.933715,77.609896,102.55,uploads/1756237888525_9537.jpg
165,1756237889544,12.933669,77.609934,102.55,uploads/1756237889548_3575.jpg
166,1756237890556,12.933665,77.609983,102.07,uploads/1756237890560_5407.jpg
167,1756237891569,12.933618,77.609997,102.50,uploads/1756237891573_6966.jpg
168,1756237892581,12.933587,77.610012,102.98,uploads/1756237892584_6721.jpg
169,1756237893591,12.933588,77.610035,102.89,uploads/1756237893595_4997.jpg
170,1756237894602,12.933588,77.610072,103.20,uploads/1756237894606_8736.jpg
171,1756237895613,12.933630,77.610111,103.37,uploads/1756237895617_9901.jpg
172,1756237896625,12.933615,77.610144,103.57,uploads/1756237896628_2478.jpg
173,1756237897634,12.933584,77.610189,103.97,uploads/1756237897637_7502.jpg
174,1756237898645,12.933570,77.610221,104.18,uploads/1756237898648_7328.jpg
175,1756237899654,12.933563,77.610206,104.53,uploads/1756237899657_4516.jpg
176,1756237900666,12.933537,77.610250,104.56,uploads/1756237900670_4500.jpg
177,1756237901677,12.933553,77.610293,104.81,uploads/1756237901702_1756.jpg
178,1756237902710,12.933561,77.610284,105.29,uploads/1756237902714_2199.jpg
179,1756237903721,12.933572,77.610269,105.47,uploads/1756237903725_6279.jpg
180,1756237904733,12.933534,77.610223,105.73,uploads/1756237904738_8370.jpg
181,1756237905747,12.933505,77.610252,105.56,uploads/1756237905751_9395.jpg
182,1756237906760,12.933464,77.610289,105.83,uploads/1756237906788_2289.jpg
183,1756237907796,12.933486,77.610256,105.39,uploads/1756237907800_5044.jpg
184,1756237908807,12.933446,77.610266,105.48,uploads/1756237908811_6932.jpg
185,1756237909819,12.933433,77.610229,105.42,uploads/1756237909823_2110.jpg
186,1756237910830,12.933447,77.610245,105.85,uploads/1756237910834_8546.jpg
187,1756237911842,12.933490,77.610238,106.30,uploads/1756237911846_1072.jpg
188,1756237912855,12.933445,77.610193,106.09,uploads/1756237912858_8689.jpg
189,1756237913865,12.933481,77.610239,106.42,uploads/1756237913869_9342.jpg
190,1756237914877,12.933527,77.610217,106.12,uploads/1756237914881_9287.jpg
191,1756237915888,12.933540,77.610209,105.89,uploads/1756237915892_7367.jpg
192,1756237916899,12.933497,77.610208,105.44,uploads/1756237916904_1894.jpg
193,1756237917912,12.933531,77.610252,105.26,uploads/1756237917917_3591.jpg
194,1756237918923,12.933524,77.610261,104.84,uploads/1756237918943_8358.jpg
195,1756237919950,12.933567,77.610260,104.49,uploads/1756237919955_5030.jpg
196,1756237920963,12.933544,77.610306,104.59,uploads/1756237920990_7929.jpg
197,1756237921998,12.933576,77.610355,104.93,uploads/1756237922002_4827.jpg
198,1756237923009,12.933583,77.610363,104.68,uploads/1756237923013_5868.jpg
199,1756237924020,12.933551,77.610400,104.90,uploads/1756237924024_4606.jpg
200,1756237925032,12.933572,77.610414,105.05,uploads/1756237925036_8125.jpg
201,1756237926044,12.933565,77.610409,105.40,uploads/1756237926049_8038.jpg
202,1756237927057,12.933544,77.610377,105.72,uploads/1756237927061_9516.jpg
203,1756237928068,12.933532,77.610343,105.73,uploads/1756237928073_5959.jpg
204,1756237929079,12.933492,77.610373,105.74,uploads/1756237929101_3157.jpg
205,1756237930108,12.933448,77.610395,106.02,uploads/1756237930113_9061.jpg
206,1756237931120,12.933431,77.610430,105.99,uploads/1756237931124_2806.jpg
207,1756237932132,12.933403,77.610455,106.43,uploads/1756237932136_8493.jpg
208,1756237933143,12.933390,77.610425,105.98,uploads/1756237933147_5298.jpg
209,1756237934154,12.933436,77.610423,105.62,uploads/1756237934159_3118.jpg
0,1756238126367,12.934000,77.610000,100.00,uploads/1756238126396_6736.jpg
1,1756238127416,12.933957,77.610007,100.39,uploads/1756238127423_2937.jpg
2,1756238128432,12.933946,77.610007,100.65,uploads/1756238128438_9326.jpg
3,1756238129448,12.933923,77.610009,100.64,uploads/1756238129453_7997.jpg
4,1756238130460,12.933882,77.609970,100.24,uploads/1756238130466_8446.jpg
5,1756238131474,12.933883,77.609964,100.05,uploads/1756238131496_287.jpg
6,1756238132504,12.933851,77.609955,99.56,uploads/1756238132509_1793.jpg
7,1756238133516,12.933895,77.609991,99.45,uploads/1756238133521_8646.jpg
8,1756238134529,12.933884,77.610031,99.55,uploads/1756238134534_227.jpg
9,1756238135543,12.933871,77.610025,99.88,uploads/1756238135548_6135.jpg
10,1756238136558,12.933914,77.610022,100.20,uploads/1756238136562_6388.jpg
11,1756238137571,12.933939,77.610053,100.58,uploads/1756238137575_4283.jpg
12,1756238138583,12.933974,77.610072,100.91,uploads/1756238138598_813.jpg
13,1756238139604,12.933966,77.610032,101.19,uploads/1756238139608_2730.jpg
14,1756238140617,12.933992,77.610025,101.53,uploads/1756238140620_8185.jpg
15,1756238141627,12.933988,77.610053,101.77,uploads/1756238141631_74.jpg
16,1756238142639,12.933983,77.610004,101.56,uploads/1756238142643_7058.jpg
17,1756238143650,12.933962,77.609983,101.43,uploads/1756238143653_8435.jpg
18,1756238144659,12.933975,77.609959,101.34,uploads/1756238144662_1228.jpg
19,1756238145669,12.933932,77.609952,101.74,uploads/1756238145673_1872.jpg
20,1756238146680,12.933887,77.609907,102.12,uploads/1756238146684_8433.jpg
21,1756238147690,12.933863,77.609925,102.20,uploads/1756238147694_750.jpg
22,1756238148700,12.933874,77.609952,102.20,uploads/1756238148704_7761.jpg
23,1756238149712,12.933850,77.609975,101.90,uploads/1756238149716_5194.jpg
24,1756238150724,12.933871,77.610001,101.96,uploads/1756238150729_4626.jpg
25,1756238151736,12.933824,77.609981,102.43,uploads/1756238151740_5526.jpg
26,1756238152747,12.933834,77.609987,102.45,uploads/1756238152767_3595.jpg
27,1756238153776,12.933786,77.609969,102.35,uploads/1756238153781_6020.jpg
28,1756238154789,12.933828,77.610001,102.31,uploads/1756238154799_2015.jpg
29,1756238155806,12.933871,77.609959,102.78,uploads/1756238155811_6348.jpg
30,1756238156819,12.933915,77.609912,102.79,uploads/1756238156824_6118.jpg
31,1756238157831,12.933935,77.609898,102.45,uploads/1756238157836_4516.jpg
32,1756238158844,12.933907,77.609896,102.46,uploads/1756238158849_6791.jpg
33,1756238159857,12.933934,77.609908,102.57,uploads/1756238159862_9730.jpg
34,1756238160869,12.933899,77.609927,102.45,uploads/1756238160874_3446.jpg
35,1756238161882,12.933895,77.609899,102.04,uploads/1756238161886_3418.jpg
36,1756238162906,12.933938,77.609892,102.05,uploads/1756238162909_6294.jpg
37,1756238163918,12.933988,77.609939,102.42,uploads/1756238163925_236.jpg
38,1756238164946,12.933978,77.609928,102.74,uploads/1756238164950_5868.jpg
39,1756238165958,12.933945,77.609968,102.88,uploads/1756238165980_2940.jpg
40,1756238166990,12.933951,77.609935,102.47,uploads/1756238166995_7008.jpg
41,1756238168001,12.933905,77.609888,102.42,uploads/1756238168006_8255.jpg
42,1756238169013,12.933912,77.609862,102.23,uploads/1756238169017_5161.jpg
43,1756238170035,12.933956,77.609826,101.79,uploads/1756238170039_3155.jpg
44,1756238171046,12.933930,77.609819,102.25,uploads/1756238171072_6947.jpg
45,1756238172079,12.933959,77.609806,101.87,uploads/1756238172084_8208.jpg
46,1756238173092,12.933914,77.609773,101.55,uploads/1756238173096_3595.jpg
47,1756238174115,12.933939,77.609756,101.96,uploads/1756238174119_3928.jpg
48,1756238175127,12.933946,77.609732,102.40,uploads/1756238175141_2973.jpg
49,1756238176149,12.933918,77.609749,102.71,uploads/1756238176153_5963.jpg
50,1756238177161,12.933902,77.609792,103.09,uploads/1756238177165_4015.jpg
51,1756238178174,12.933878,77.609837,103.40,uploads/1756238178187_4087.jpg
52,1756238179196,12.933911,77.609870,103.28,uploads/1756238179221_7925.jpg
53,1756238180231,12.933929,77.609856,103.07,uploads/1756238180235_1863.jpg
54,1756238181245,12.933896,77.609861,103.12,uploads/1756238181261_2935.jpg
55,1756238182270,12.933852,77.609906,102.72,uploads/1756238182275_6717.jpg
56,1756238183283,12.933860,77.609867,102.37,uploads/1756238183311_1159.jpg
57,1756238184321,12.933843,77.609828,102.54,uploads/1756238184326_1492.jpg
58,1756238185344,12.933857,77.609779,102.74,uploads/1756238185348_5438.jpg
59,1756238186357,12.933903,77.609817,102.40,uploads/1756238186362_8745.jpg
60,1756238187371,12.933902,77.609787,102.78,uploads/1756238187380_7023.jpg
61,1756238188391,12.933949,77.609815,102.40,uploads/1756238188395_5047.jpg
62,1756238189406,12.933935,77.609831,102.34,uploads/1756238189409_2124.jpg
63,1756238190417,12.933957,77.609803,102.22,uploads/1756238190420_119.jpg
64,1756238191428,12.934003,77.609843,102.46,uploads/1756238191433_1380.jpg
65,1756238192452,12.933956,77.609852,102.86,uploads/1756238192456_1869.jpg
66,1756238193464,12.933973,77.609811,102.86,uploads/1756238193488_4549.jpg
67,1756238194496,12.933981,77.609845,103.09,uploads/1756238194501_2617.jpg
68,1756238195510,12.933946,77.609841,103.58,uploads/1756238195514_5442.jpg
69,1756238196522,12.933974,77.609827,103.13,uploads/1756238196527_8587.jpg
70,1756238197536,12.934010,77.609824,103.33,uploads/1756238197540_1050.jpg
71,1756238198549,12.934045,77.609871,103.06,uploads/1756238198566_9452.jpg
72,1756238199575,12.934009,77.609859,102.91,uploads/1756238199578_7443.jpg
73,1756238200587,12.934037,77.609903,103.28,uploads/1756238200592_1137.jpg
74,1756238201611,12.934081,77.609879,103.57,uploads/1756238201615_6791.jpg
75,1756238202624,12.934092,77.609883,103.78,uploads/1756238202628_407.jpg
76,1756238203637,12.934103,77.609921,104.08,uploads/1756238203641_2834.jpg
77,1756238204650,12.934087,77.609908,104.50,uploads/1756238204664_714.jpg
78,1756238205673,12.934094,77.609931,104.68,uploads/1756238205676_9103.jpg
79,1756238206685,12.934085,77.609948,104.80,uploads/1756238206689_5777.jpg
80,1756238207698,12.934123,77.609928,104.96,uploads/1756238207702_9077.jpg
81,1756238208710,12.934132,77.609950,105.09,uploads/1756238208713_8008.jpg
82,1756238209721,12.934178,77.609988,105.29,uploads/1756238209727_5417.jpg
83,1756238210737,12.934174,77.609983,104.84,uploads/1756238210742_3762.jpg
84,1756238211751,12.934180,77.610004,104.94,uploads/1756238211755_1837.jpg
85,1756238212764,12.934179,77.609972,104.75,uploads/1756238212787_7565.jpg
86,1756238213807,12.934224,77.610014,105.19,uploads/1756238213811_308.jpg
87,1756238214819,12.934262,77.609993,105.31,uploads/1756238214823_4681.jpg
88,1756238215832,12.934277,77.610035,105.67,uploads/1756238215836_8000.jpg
89,1756238216844,12.934288,77.610011,105.87,uploads/1756238216848_417.jpg
90,1756238217857,12.934248,77.609975,106.15,uploads/1756238217861_4824.jpg
91,1756238218868,12.934238,77.610018,106.40,uploads/1756238218872_3717.jpg
92,1756238219881,12.934265,77.609999,106.65,uploads/1756238219885_8247.jpg
93,1756238220893,12.934218,77.609999,106.50,uploads/1756238220897_5972.jpg
94,1756238221917,12.934267,77.610020,106.66,uploads/1756238221921_2594.jpg
95,1756238222928,12.934293,77.610070,106.93,uploads/1756238222932_3181.jpg
96,1756238223952,12.934320,77.610044,106.54,uploads/1756238223957_4379.jpg
97,1756238224985,12.934352,77.610036,107.04,uploads/1756238224988_505.jpg
98,1756238225996,12.934359,77.610070,106.57,uploads/1756238226000_7672.jpg
99,1756238227008,12.934372,77.610108,106.58,uploads/1756238227012_226.jpg
100,1756238228020,12.934359,77.610139,106.42,uploads/1756238228024_8116.jpg
101,1756238229032,12.934342,77.610149,106.47,uploads/1756238229036_3233.jpg
102,1756238230044,12.934346,77.610162,106.93,uploads/1756238230048_4138.jpg
103,1756238231057,12.934328,77.610200,106.97,uploads/1756238231074_6803.jpg
104,1756238232082,12.934335,77.610162,107.00,uploads/1756238232086_3849.jpg
105,1756238233106,12.934355,77.610185,107.18,uploads/1756238233128_9752.jpg
106,1756238234136,12.934325,77.610186,106.87,uploads/1756238234140_3143.jpg
107,1756238235148,12.934352,77.610146,107.24,uploads/1756238235151_3230.jpg
108,1756238236159,12.934399,77.610173,107.52,uploads/1756238236174_8139.jpg
109,1756238237183,12.934416,77.610140,107.88,uploads/1756238237187_6028.jpg
110,1756238238196,12.934452,77.610113,108.15,uploads/1756238238221_1702.jpg
111,1756238239229,12.934500,77.610068,108.06,uploads/1756238239233_3847.jpg
112,1756238240252,12.934519,77.610036,107.73,uploads/1756238240256_9253.jpg
113,1756238241265,12.934522,77.609987,107.89,uploads/1756238241269_9039.jpg
114,1756238242276,12.934495,77.609984,108.28,uploads/1756238242279_8164.jpg
115,1756238243287,12.934490,77.610022,108.72,uploads/1756238243292_2647.jpg
116,1756238244311,12.934493,77.610065,108.91,uploads/1756238244315_3517.jpg
117,1756238245322,12.934489,77.610114,108.91,uploads/1756238245326_2445.jpg
118,1756238246334,12.934504,77.610093,108.62,uploads/1756238246337_2768.jpg
119,1756238247346,12.934509,77.610092,108.53,uploads/1756238247350_1419.jpg
120,1756238248368,12.934537,77.610085,108.90,uploads/1756238248372_8480.jpg
121,1756238249380,12.934529,77.610052,109.37,uploads/1756238249384_7917.jpg
122,1756238250393,12.934516,77.610006,109.67,uploads/1756238250397_3093.jpg
123,1756238251405,12.934497,77.609963,110.04,uploads/1756238251409_1420.jpg
124,1756238252417,12.934483,77.609970,109.70,uploads/1756238252420_4345.jpg
125,1756238253428,12.934470,77.610018,109.35,uploads/1756238253452_3399.jpg
126,1756238254472,12.934510,77.610027,109.65,uploads/1756238254476_7717.jpg
127,1756238255491,12.934551,77.610041,110.06,uploads/1756238255496_3308.jpg
128,1756238256504,12.934581,77.610054,110.48,uploads/1756238256509_488.jpg
129,1756238257516,12.934540,77.610071,110.08,uploads/1756238257530_9402.jpg
130,1756238258539,12.934520,77.610105,110.25,uploads/1756238258543_8378.jpg
131,1756238259550,12.934507,77.610056,110.24,uploads/1756238259554_2201.jpg
132,1756238260564,12.934477,77.610035,109.80,uploads/1756238260569_5007.jpg
133,1756238261588,12.934466,77.610041,109.77,uploads/1756238261593_1054.jpg
134,1756238262600,12.934490,77.610068,109.85,uploads/1756238262628_1033.jpg
135,1756238263635,12.934500,77.610050,110.30,uploads/1756238263640_4.jpg
136,1756238264648,12.934468,77.610073,110.50,uploads/1756238264675_5930.jpg
137,1756238265683,12.934505,77.610092,110.03,uploads/1756238265687_8891.jpg
138,1756238266695,12.934467,77.610083,109.75,uploads/1756238266719_4636.jpg
139,1756238267730,12.934424,77.610084,109.75,uploads/1756238267734_742.jpg
140,1756238268742,12.934414,77.610095,109.29,uploads/1756238268747_4543.jpg
141,1756238269767,12.934452,77.610134,109.71,uploads/1756238269771_9493.jpg
142,1756238270778,12.934482,77.610143,109.55,uploads/1756238270792_9598.jpg
143,1756238271805,12.934453,77.610122,109.50,uploads/1756238271810_5936.jpg
144,1756238272820,12.934459,77.610092,109.16,uploads/1756238272825_6546.jpg
145,1756238273845,12.934427,77.610136,109.60,uploads/1756238273849_8582.jpg
146,1756238274857,12.934400,77.610159,109.48,uploads/1756238274861_6440.jpg
147,1756238275868,12.934356,77.610186,109.29,uploads/1756238275893_6853.jpg
148,1756238276900,12.934390,77.610209,108.96,uploads/1756238276925_1163.jpg
149,1756238277933,12.934397,77.610237,108.82,uploads/1756238277956_6771.jpg
150,1756238278964,12.934402,77.610194,108.99,uploads/1756238278969_439.jpg
151,1756238279978,12.934418,77.610197,109.48,uploads/1756238280000_6819.jpg
152,1756238281008,12.934371,77.610219,109.59,uploads/1756238281011_9265.jpg
153,1756238282028,12.934391,77.610244,109.21,uploads/1756238282031_1808.jpg
154,1756238283038,12.934426,77.610195,109.38,uploads/1756238283042_1748.jpg
155,1756238284049,12.934376,77.610179,108.99,uploads/1756238284052_6239.jpg
156,1756238285059,12.934396,77.610193,108.70,uploads/1756238285062_4064.jpg
157,1756238286079,12.934376,77.610162,108.24,uploads/1756238286082_2065.jpg
158,1756238287088,12.934360,77.610206,107.91,uploads/1756238287092_4802.jpg
159,1756238288099,12.934318,77.610248,108.38,uploads/1756238288102_5148.jpg
160,1756238289110,12.934330,77.610281,108.74,uploads/1756238289114_2476.jpg
161,1756238290122,12.934365,77.610288,108.30,uploads/1756238290127_7503.jpg
162,1756238291134,12.934410,77.610240,107.98,uploads/1756238291138_5437.jpg
163,1756238292146,12.934427,77.610236,107.79,uploads/1756238292150_8210.jpg
164,1756238293158,12.934419,77.610261,107.86,uploads/1756238293161_9843.jpg
165,1756238294169,12.934456,77.610297,107.48,uploads/1756238294173_3354.jpg
166,1756238295180,12.934470,77.610305,107.08,uploads/1756238295184_2166.jpg
167,1756238296192,12.934489,77.610296,106.88,uploads/1756238296196_5323.jpg
168,1756238297206,12.934446,77.610332,107.30,uploads/1756238297210_3695.jpg
169,1756238298218,12.934470,77.610311,107.50,uploads/1756238298222_3519.jpg
170,1756238299231,12.934493,77.610287,107.75,uploads/1756238299235_7146.jpg
171,1756238300243,12.934500,77.610251,107.75,uploads/1756238300247_568.jpg
172,1756238301253,12.934464,77.610212,107.95,uploads/1756238301258_434.jpg
173,1756238302265,12.934489,77.610241,107.52,uploads/1756238302269_1740.jpg
174,1756238303275,12.934440,77.610242,107.80,uploads/1756238303280_4095.jpg
175,1756238304290,12.934399,77.610261,107.67,uploads/1756238304294_7699.jpg
176,1756238305302,12.934404,77.610216,108.02,uploads/1756238305306_3609.jpg
177,1756238306314,12.934401,77.610209,107.85,uploads/1756238306318_4879.jpg
178,1756238307326,12.934446,77.610217,107.47,uploads/1756238307330_1701.jpg
179,1756238308337,12.934492,77.610183,107.10,uploads/1756238308342_2348.jpg
180,1756238309350,12.934461,77.610203,106.91,uploads/1756238309365_7762.jpg
181,1756238310375,12.934435,77.610240,106.90,uploads/1756238310380_9921.jpg
182,1756238311399,12.934411,77.610236,107.03,uploads/1756238311403_3557.jpg
183,1756238312410,12.934440,77.610278,106.91,uploads/1756238312431_4064.jpg
184,1756238313439,12.934399,77.610270,106.56,uploads/1756238313443_5850.jpg
185,1756238314451,12.934433,77.610296,106.71,uploads/1756238314455_970.jpg
186,1756238315473,12.934391,77.610345,106.29,uploads/1756238315478_4012.jpg
187,1756238316486,12.934389,77.610364,106.35,uploads/1756238316507_6945.jpg
188,1756238317515,12.934383,77.610350,106.55,uploads/1756238317531_8882.jpg
189,1756238318551,12.934360,77.610359,106.77,uploads/1756238318555_3053.jpg
190,1756238319562,12.934371,77.610361,106.39,uploads/1756238319590_1034.jpg
191,1756238320597,12.934354,77.610392,106.65,uploads/1756238320603_6070.jpg
192,1756238321616,12.934400,77.610344,106.36,uploads/1756238321640_1499.jpg
193,1756238322660,12.934417,77.610341,106.45,uploads/1756238322676_2910.jpg
194,1756238323683,12.934444,77.610351,106.36,uploads/1756238323689_6013.jpg
195,1756238324708,12.934435,77.610383,106.82,uploads/1756238324712_8992.jpg
196,1756238325720,12.934448,77.610346,106.67,uploads/1756238325724_8118.jpg
197,1756238326731,12.934418,77.610387,107.13,uploads/1756238326735_6898.jpg
198,1756238327743,12.934395,77.610357,107.28,uploads/1756238327748_507.jpg
199,1756238328755,12.934428,77.610354,107.20,uploads/1756238328782_7723.jpg
200,1756238329790,12.934409,77.610396,107.00,uploads/1756238329794_2221.jpg
201,1756238330802,12.934379,77.610444,106.80,uploads/1756238330806_9882.jpg
202,1756238331815,12.934411,77.610458,107.10,uploads/1756238331825_4651.jpg
203,1756238332834,12.934377,77.610427,107.58,uploads/1756238332839_5044.jpg
204,1756238333846,12.934370,77.610408,107.29,uploads/1756238333850_2724.jpg
205,1756238334870,12.934341,77.610375,107.23,uploads/1756238334875_2681.jpg
206,1756238335883,12.934334,77.610378,107.56,uploads/1756238335898_7133.jpg
207,1756238336906,12.934292,77.610419,107.29,uploads/1756238336911_6244.jpg
208,1756238337918,12.934304,77.610442,107.30,uploads/1756238337922_3904.jpg
209,1756238338929,12.934314,77.610448,107.38,uploads/1756238338933_6642.jpg
210,1756238339941,12.934301,77.610400,107.13,uploads/1756238339945_5622.jpg
211,1756238340954,12.934307,77.610386,106.68,uploads/1756238340958_2549.jpg
212,1756238341966,12.934353,77.610420,106.82,uploads/1756238341970_87.jpg
213,1756238342990,12.934386,77.610446,106.93,uploads/1756238342994_5118.jpg
214,1756238344002,12.934410,77.610433,106.50,uploads/1756238344008_4896.jpg
215,1756238345025,12.934386,77.610419,106.10,uploads/1756238345048_7765.jpg
216,1756238346057,12.934390,77.610397,106.15,uploads/1756238346061_9934.jpg
217,1756238347068,12.934423,77.610363,106.60,uploads/1756238347073_3307.jpg
218,1756238348080,12.934393,77.610350,106.86,uploads/1756238348084_2889.jpg
219,1756238349092,12.934402,77.610303,106.73,uploads/1756238349096_4509.jpg
220,1756238350114,12.934384,77.610340,107.19,uploads/1756238350118_3432.jpg
221,1756238351125,12.934336,77.610318,106.69,uploads/1756238351129_2785.jpg
